{"assets/button/aboutme.png":["assets/button/aboutme.png"],"assets/button/certificate.png":["assets/button/certificate.png"],"assets/button/experience.png":["assets/button/experience.png"],"assets/button/portofolio.png":["assets/button/portofolio.png"],"assets/button/resume.png":["assets/button/resume.png"],"assets/button/skill.png":["assets/button/skill.png"],"assets/foto/pp.png":["assets/foto/pp.png"],"assets/icon/GitHub.png":["assets/icon/GitHub.png"],"assets/icon/Gmail.png":["assets/icon/Gmail.png"],"assets/icon/LinkedIn.png":["assets/icon/LinkedIn.png"],"assets/icon/Telegram.png":["assets/icon/Telegram.png"],"assets/icon/Twitter.png":["assets/icon/Twitter.png"],"assets/icon/Website.png":["assets/icon/Website.png"],"assets/icon/WhatsApp.png":["assets/icon/WhatsApp.png"],"assets/icon/YouTube.png":["assets/icon/YouTube.png"],"assets/icon/copyright.png":["assets/icon/copyright.png"],"assets/logo/bemfti.jpg":["assets/logo/bemfti.jpg"],"assets/logo/edspert.png":["assets/logo/edspert.png"],"assets/logo/kampus_merdeka.png":["assets/logo/kampus_merdeka.png"],"assets/logo/msib.png":["assets/logo/msib.png"],"assets/lottie/bg.json":["assets/lottie/bg.json"],"assets/lottie/contact.json":["assets/lottie/contact.json"],"assets/lottie/error.json":["assets/lottie/error.json"],"assets/lottie/swipe.json":["assets/lottie/swipe.json"],"assets/portofolio/avatar/delvy.png":["assets/portofolio/avatar/delvy.png"],"assets/portofolio/avatar/roni.png":["assets/portofolio/avatar/roni.png"],"assets/portofolio/avatar/taufik.png":["assets/portofolio/avatar/taufik.png"],"assets/portofolio/avatar/yozi.png":["assets/portofolio/avatar/yozi.png"],"assets/portofolio/bayu/andro1.png":["assets/portofolio/bayu/andro1.png"],"assets/portofolio/bayu/andro2.png":["assets/portofolio/bayu/andro2.png"],"assets/portofolio/bayu/andro3.png":["assets/portofolio/bayu/andro3.png"],"assets/portofolio/bayu/bayu.png":["assets/portofolio/bayu/bayu.png"],"assets/portofolio/bayu/frame_bayu.png":["assets/portofolio/bayu/frame_bayu.png"],"assets/portofolio/bayu/web1.png":["assets/portofolio/bayu/web1.png"],"assets/portofolio/bayu/web2.png":["assets/portofolio/bayu/web2.png"],"assets/portofolio/bayu/web3.png":["assets/portofolio/bayu/web3.png"],"assets/portofolio/crofflite/andro1.png":["assets/portofolio/crofflite/andro1.png"],"assets/portofolio/crofflite/andro2.png":["assets/portofolio/crofflite/andro2.png"],"assets/portofolio/crofflite/andro3.png":["assets/portofolio/crofflite/andro3.png"],"assets/portofolio/crofflite/crofflite.png":["assets/portofolio/crofflite/crofflite.png"],"assets/portofolio/crofflite/frame_crofflite.png":["assets/portofolio/crofflite/frame_crofflite.png"],"assets/portofolio/gezunt/andro1.png":["assets/portofolio/gezunt/andro1.png"],"assets/portofolio/gezunt/andro2.png":["assets/portofolio/gezunt/andro2.png"],"assets/portofolio/gezunt/andro3.png":["assets/portofolio/gezunt/andro3.png"],"assets/portofolio/gezunt/frame_gezunt.png":["assets/portofolio/gezunt/frame_gezunt.png"],"assets/portofolio/gezunt/gezunt.png":["assets/portofolio/gezunt/gezunt.png"],"assets/portofolio/mecrypt/andro1.png":["assets/portofolio/mecrypt/andro1.png"],"assets/portofolio/mecrypt/andro2.png":["assets/portofolio/mecrypt/andro2.png"],"assets/portofolio/mecrypt/andro3.png":["assets/portofolio/mecrypt/andro3.png"],"assets/portofolio/mecrypt/frame_mecrypt.png":["assets/portofolio/mecrypt/frame_mecrypt.png"],"assets/portofolio/mecrypt/mecrypt.jpg":["assets/portofolio/mecrypt/mecrypt.jpg"],"assets/portofolio/mecrypt/web1.png":["assets/portofolio/mecrypt/web1.png"],"assets/portofolio/mecrypt/web2.png":["assets/portofolio/mecrypt/web2.png"],"assets/portofolio/mecrypt/web3.png":["assets/portofolio/mecrypt/web3.png"],"assets/portofolio/nirdesa/andro1.png":["assets/portofolio/nirdesa/andro1.png"],"assets/portofolio/nirdesa/andro2.png":["assets/portofolio/nirdesa/andro2.png"],"assets/portofolio/nirdesa/andro3.png":["assets/portofolio/nirdesa/andro3.png"],"assets/portofolio/nirdesa/frame_nirdesa.png":["assets/portofolio/nirdesa/frame_nirdesa.png"],"assets/portofolio/poendoeng/andro1.png":["assets/portofolio/poendoeng/andro1.png"],"assets/portofolio/poendoeng/andro2.png":["assets/portofolio/poendoeng/andro2.png"],"assets/portofolio/poendoeng/andro3.png":["assets/portofolio/poendoeng/andro3.png"],"assets/portofolio/poendoeng/frame_poendoeng.png":["assets/portofolio/poendoeng/frame_poendoeng.png"],"assets/portofolio/poendoeng/poendoeng.png":["assets/portofolio/poendoeng/poendoeng.png"],"assets/portofolio/thrilogic/andro1.png":["assets/portofolio/thrilogic/andro1.png"],"assets/portofolio/thrilogic/andro2.png":["assets/portofolio/thrilogic/andro2.png"],"assets/portofolio/thrilogic/andro3.png":["assets/portofolio/thrilogic/andro3.png"],"assets/portofolio/thrilogic/frame_thrilogic.png":["assets/portofolio/thrilogic/frame_thrilogic.png"],"assets/portofolio/thrilogic/thrilogic.jpg":["assets/portofolio/thrilogic/thrilogic.jpg"],"assets/portofolio/wikenyus/andro1.png":["assets/portofolio/wikenyus/andro1.png"],"assets/portofolio/wikenyus/andro2.png":["assets/portofolio/wikenyus/andro2.png"],"assets/portofolio/wikenyus/andro3.png":["assets/portofolio/wikenyus/andro3.png"],"assets/portofolio/wikenyus/frame_wikenyus.png":["assets/portofolio/wikenyus/frame_wikenyus.png"],"assets/portofolio/wikenyus/wikenyus.png":["assets/portofolio/wikenyus/wikenyus.png"],"assets/sertif/competency.jpg":["assets/sertif/competency.jpg"],"assets/sertif/halofti.jpg":["assets/sertif/halofti.jpg"],"assets/sertif/iot.jpg":["assets/sertif/iot.jpg"],"assets/sertif/msib.jpg":["assets/sertif/msib.jpg"],"assets/sertif/serathon.jpg":["assets/sertif/serathon.jpg"],"packages/cupertino_icons/assets/CupertinoIcons.ttf":["packages/cupertino_icons/assets/CupertinoIcons.ttf"]}