{"v":"5.7.8","fr":24,"ip":0,"op":120,"w":733,"h":733,"nm":"Comp 1","ddd":0,"assets":[],"layers":[{"ddd":0,"ind":1,"ty":4,"nm":"Page not found Outlines","sr":1,"ks":{"o":{"a":0,"k":100,"ix":11},"r":{"a":0,"k":0,"ix":10},"p":{"a":0,"k":[367.553,674.5,0],"ix":2,"l":2},"a":{"a":0,"k":[0,0,0],"ix":1,"l":2},"s":{"a":0,"k":[100,100,100],"ix":6,"l":2}},"ao":0,"shapes":[{"ty":"gr","it":[{"ind":0,"ty":"sh","ix":1,"ks":{"a":0,"k":{"i":[[0,0],[-3.606,3.377],[0,5.307],[3.453,2.92],[6.271,0],[0,0],[0,0],[0,0],[0,0]],"o":[[6.144,0],[3.605,-3.377],[0,-5.306],[-3.453,-2.92],[0,0],[0,0],[0,0],[0,0],[0,0]],"v":[[-250.529,-22.805],[-235.904,-27.87],[-230.496,-40.896],[-235.676,-53.235],[-250.263,-57.615],[-266.83,-57.615],[-266.83,-3],[-257.804,-3],[-257.804,-22.805]],"c":true},"ix":2},"nm":"P","mn":"ADBE Vector Shape - Group","hd":false},{"ind":1,"ty":"sh","ix":2,"ks":{"a":0,"k":{"i":[[0,0],[0,-6.423],[2.031,-1.803],[3.885,0],[0,0],[0,0]],"o":[[7.465,0],[0,3.275],[-2.032,1.803],[0,0],[0,0],[0,0]],"v":[[-251.215,-50.15],[-240.018,-40.515],[-243.064,-32.897],[-251.938,-30.193],[-257.804,-30.193],[-257.804,-50.15]],"c":true},"ix":2},"nm":"P","mn":"ADBE Vector Shape - Group","hd":false},{"ty":"mm","mm":1,"nm":"Merge Paths 1","mn":"ADBE Vector Filter - Merge","hd":false},{"ty":"fl","c":{"a":0,"k":[1,0.674509803922,0.039215686275,1],"ix":4},"o":{"a":0,"k":100,"ix":5},"r":1,"bm":0,"nm":"Fill 1","mn":"ADBE Vector Graphic - Fill","hd":false},{"ty":"tr","p":{"a":0,"k":[0,0],"ix":2},"a":{"a":0,"k":[0,0],"ix":1},"s":{"a":0,"k":[100,100],"ix":3},"r":{"a":0,"k":0,"ix":6},"o":{"a":0,"k":100,"ix":7},"sk":{"a":0,"k":0,"ix":4},"sa":{"a":0,"k":0,"ix":5},"nm":"Transform"}],"nm":"P","np":5,"cix":2,"bm":0,"ix":1,"mn":"ADBE Vector Group","hd":false},{"ty":"gr","it":[{"ind":0,"ty":"sh","ix":1,"ks":{"a":0,"k":{"i":[[0,0],[9.851,0],[4.113,-2.438],[0,0],[-4.646,0],[0,-5.561],[0,0],[0,-7.363],[-2.171,-2.082],[-3.834,0],[-2.692,4.672],[0,0],[0,0],[0,0]],"o":[[0,-9.699],[-5.383,0],[0,0],[3.732,-3.199],[5.281,0],[0,0],[-8.481,1.219],[0,3.428],[2.171,2.082],[5.205,0],[0,0],[0,0],[0,0],[0,0]],"v":[[-194.543,-28.365],[-209.32,-42.914],[-223.564,-39.258],[-223.564,-31.526],[-210.996,-36.325],[-203.074,-27.984],[-214.652,-26.347],[-227.373,-13.474],[-224.117,-5.209],[-215.109,-2.086],[-203.265,-9.094],[-203.112,-9.094],[-203.112,-3],[-194.543,-3]],"c":true},"ix":2},"nm":"a","mn":"ADBE Vector Shape - Group","hd":false},{"ind":1,"ty":"sh","ix":2,"ks":{"a":0,"k":{"i":[[0,0],[1.764,-1.891],[2.691,0],[1.181,1.054],[0,1.651],[-1.282,0.902],[-2.539,0.33],[0,0]],"o":[[0,2.87],[-1.765,1.892],[-1.98,0],[-1.181,-1.053],[0,-2.26],[1.282,-0.901],[0,0],[0,0]],"v":[[-203.074,-18.768],[-205.721,-11.626],[-212.405,-8.789],[-217.147,-10.37],[-218.918,-14.426],[-216.995,-19.167],[-211.263,-21.015],[-203.074,-22.157]],"c":true},"ix":2},"nm":"a","mn":"ADBE Vector Shape - Group","hd":false},{"ty":"mm","mm":1,"nm":"Merge Paths 1","mn":"ADBE Vector Filter - Merge","hd":false},{"ty":"fl","c":{"a":0,"k":[1,0.674509803922,0.039215686275,1],"ix":4},"o":{"a":0,"k":100,"ix":5},"r":1,"bm":0,"nm":"Fill 1","mn":"ADBE Vector Graphic - Fill","hd":false},{"ty":"tr","p":{"a":0,"k":[0,0],"ix":2},"a":{"a":0,"k":[0,0],"ix":1},"s":{"a":0,"k":[100,100],"ix":3},"r":{"a":0,"k":0,"ix":6},"o":{"a":0,"k":100,"ix":7},"sk":{"a":0,"k":0,"ix":4},"sa":{"a":0,"k":0,"ix":5},"nm":"Transform"}],"nm":"a","np":5,"cix":2,"bm":0,"ix":2,"mn":"ADBE Vector Group","hd":false},{"ty":"gr","it":[{"ind":0,"ty":"sh","ix":1,"ks":{"a":0,"k":{"i":[[0,0],[0,0],[0,0],[0,0],[5.154,0],[3.123,-3.91],[0,-6.627],[-2.908,-3.466],[-4.748,0],[-2.92,4.977],[0,0],[0,0],[9.267,0],[4.266,2.438],[0,0],[-5.079,0],[0,14.32]],"o":[[0,0],[0,0],[0,0],[-2.489,-4.214],[-5.459,0],[-3.123,3.91],[0,5.84],[2.907,3.466],[5.865,0],[0,0],[0,0],[0,9.115],[-3.834,0],[0,0],[3.783,1.701],[14.396,0],[0,0]],"v":[[-148.269,-42],[-157.104,-42],[-157.104,-36.592],[-157.257,-36.592],[-168.721,-42.914],[-181.594,-37.049],[-186.278,-21.243],[-181.917,-7.285],[-170.435,-2.086],[-157.257,-9.551],[-157.104,-9.551],[-157.104,-5.285],[-171.006,8.388],[-183.155,4.731],[-183.155,12.806],[-169.863,15.357],[-148.269,-6.123]],"c":true},"ix":2},"nm":"g","mn":"ADBE Vector Shape - Group","hd":false},{"ind":1,"ty":"sh","ix":2,"ks":{"a":0,"k":{"i":[[1.904,-2.196],[3.047,0],[1.815,2.298],[0,3.834],[-1.892,2.476],[-3.352,0],[-1.816,-1.942],[0,-2.742],[0,0]],"o":[[-1.904,2.196],[-2.996,0],[-1.816,-2.298],[0,-4.443],[1.891,-2.476],[2.717,0],[1.815,1.942],[0,0],[0,3.428]],"v":[[-159.885,-12.426],[-167.312,-9.132],[-174.529,-12.579],[-177.252,-21.776],[-174.415,-32.155],[-166.55,-35.868],[-159.751,-32.955],[-157.028,-25.928],[-157.028,-20.862]],"c":true},"ix":2},"nm":"g","mn":"ADBE Vector Shape - Group","hd":false},{"ty":"mm","mm":1,"nm":"Merge Paths 1","mn":"ADBE Vector Filter - Merge","hd":false},{"ty":"fl","c":{"a":0,"k":[1,0.674509803922,0.039215686275,1],"ix":4},"o":{"a":0,"k":100,"ix":5},"r":1,"bm":0,"nm":"Fill 1","mn":"ADBE Vector Graphic - Fill","hd":false},{"ty":"tr","p":{"a":0,"k":[0,0],"ix":2},"a":{"a":0,"k":[0,0],"ix":1},"s":{"a":0,"k":[100,100],"ix":3},"r":{"a":0,"k":0,"ix":6},"o":{"a":0,"k":100,"ix":7},"sk":{"a":0,"k":0,"ix":4},"sa":{"a":0,"k":0,"ix":5},"nm":"Transform"}],"nm":"g","np":5,"cix":2,"bm":0,"ix":3,"mn":"ADBE Vector Group","hd":false},{"ty":"gr","it":[{"ind":0,"ty":"sh","ix":1,"ks":{"a":0,"k":{"i":[[0,0],[2.92,3.428],[5.332,0],[3.593,-3.821],[0,-6.068],[-3.263,-3.542],[-5.738,0],[-3.555,2.235],[0,0],[4.164,0],[2.12,1.955],[0.101,3.606],[0,0]],"o":[[0,-6.094],[-2.92,-3.428],[-5.332,0],[-3.593,3.822],[0,6.424],[3.262,3.542],[5.84,0],[0,0],[-3.479,2.489],[-3.707,0],[-2.12,-1.955],[0,0],[0,0]],"v":[[-103.746,-23.49],[-108.126,-37.772],[-120.504,-42.914],[-133.891,-37.182],[-139.28,-22.348],[-134.386,-7.399],[-120.885,-2.086],[-106.793,-5.438],[-106.793,-12.56],[-118.257,-8.827],[-126.998,-11.76],[-130.33,-20.101],[-103.746,-20.101]],"c":true},"ix":2},"nm":"e","mn":"ADBE Vector Shape - Group","hd":false},{"ind":1,"ty":"sh","ix":2,"ks":{"a":0,"k":{"i":[[0,0],[-1.765,1.854],[-2.539,0],[-1.473,-1.764],[-0.026,-3.174]],"o":[[0.406,-2.996],[1.764,-1.853],[2.59,0],[1.472,1.765],[0,0]],"v":[[-130.33,-26.347],[-127.074,-33.621],[-120.618,-36.401],[-114.524,-33.754],[-112.277,-26.347]],"c":true},"ix":2},"nm":"e","mn":"ADBE Vector Shape - Group","hd":false},{"ty":"mm","mm":1,"nm":"Merge Paths 1","mn":"ADBE Vector Filter - Merge","hd":false},{"ty":"fl","c":{"a":0,"k":[1,0.674509803922,0.039215686275,1],"ix":4},"o":{"a":0,"k":100,"ix":5},"r":1,"bm":0,"nm":"Fill 1","mn":"ADBE Vector Graphic - Fill","hd":false},{"ty":"tr","p":{"a":0,"k":[0,0],"ix":2},"a":{"a":0,"k":[0,0],"ix":1},"s":{"a":0,"k":[100,100],"ix":3},"r":{"a":0,"k":0,"ix":6},"o":{"a":0,"k":100,"ix":7},"sk":{"a":0,"k":0,"ix":4},"sa":{"a":0,"k":0,"ix":5},"nm":"Transform"}],"nm":"e","np":5,"cix":2,"bm":0,"ix":4,"mn":"ADBE Vector Group","hd":false},{"ty":"gr","it":[{"ind":0,"ty":"sh","ix":1,"ks":{"a":0,"k":{"i":[[0,0],[2.234,2.755],[4.24,0],[2.92,-4.926],[0,0],[0,0],[0,0],[0,0],[0,0],[0,0],[-1.752,2.019],[-2.692,0],[0,-7.287],[0,0],[0,0]],"o":[[0,-5.205],[-2.235,-2.755],[-5.51,0],[0,0],[0,0],[0,0],[0,0],[0,0],[0,0],[0,-3.072],[1.752,-2.019],[5.154,0],[0,0],[0,0],[0,0]],"v":[[-39.152,-26.842],[-42.504,-38.782],[-52.216,-42.914],[-64.86,-35.525],[-65.013,-35.525],[-65.013,-42],[-73.887,-42],[-73.887,-3],[-65.013,-3],[-65.013,-25.242],[-62.385,-32.878],[-55.72,-35.906],[-47.988,-24.976],[-47.988,-3],[-39.152,-3]],"c":true},"ix":2},"nm":"n","mn":"ADBE Vector Shape - Group","hd":false},{"ty":"fl","c":{"a":0,"k":[1,0.674509803922,0.039215686275,1],"ix":4},"o":{"a":0,"k":100,"ix":5},"r":1,"bm":0,"nm":"Fill 1","mn":"ADBE Vector Graphic - Fill","hd":false},{"ty":"tr","p":{"a":0,"k":[0,0],"ix":2},"a":{"a":0,"k":[0,0],"ix":1},"s":{"a":0,"k":[100,100],"ix":3},"r":{"a":0,"k":0,"ix":6},"o":{"a":0,"k":100,"ix":7},"sk":{"a":0,"k":0,"ix":4},"sa":{"a":0,"k":0,"ix":5},"nm":"Transform"}],"nm":"n","np":3,"cix":2,"bm":0,"ix":5,"mn":"ADBE Vector Group","hd":false},{"ty":"gr","it":[{"ind":0,"ty":"sh","ix":1,"ks":{"a":0,"k":{"i":[[-3.669,3.746],[0,6.221],[3.402,3.58],[6.094,0],[3.745,-3.681],[0,-6.551],[-3.593,-3.643],[-6.018,0]],"o":[[3.669,-3.745],[0,-6.347],[-3.403,-3.58],[-6.348,0],[-3.746,3.682],[0,6.018],[3.593,3.644],[6.195,0]],"v":[[3.713,-7.704],[9.217,-22.652],[4.113,-37.544],[-10.131,-42.914],[-25.27,-37.392],[-30.888,-22.043],[-25.499,-7.551],[-11.083,-2.086]],"c":true},"ix":2},"nm":"o","mn":"ADBE Vector Shape - Group","hd":false},{"ind":1,"ty":"sh","ix":2,"ks":{"a":0,"k":{"i":[[-1.866,-2.336],[0,-4.291],[1.866,-2.31],[3.478,0],[2.031,2.349],[0,4.088],[-2.006,2.413],[-3.453,0]],"o":[[1.866,2.336],[0,4.266],[-1.866,2.311],[-3.403,0],[-2.032,-2.348],[0,-4.24],[2.005,-2.412],[3.478,0]],"v":[[-2.647,-32.364],[0.152,-22.424],[-2.647,-12.56],[-10.664,-9.094],[-18.814,-12.617],[-21.861,-22.271],[-18.853,-32.25],[-10.664,-35.868]],"c":true},"ix":2},"nm":"o","mn":"ADBE Vector Shape - Group","hd":false},{"ty":"mm","mm":1,"nm":"Merge Paths 1","mn":"ADBE Vector Filter - Merge","hd":false},{"ty":"fl","c":{"a":0,"k":[1,0.674509803922,0.039215686275,1],"ix":4},"o":{"a":0,"k":100,"ix":5},"r":1,"bm":0,"nm":"Fill 1","mn":"ADBE Vector Graphic - Fill","hd":false},{"ty":"tr","p":{"a":0,"k":[0,0],"ix":2},"a":{"a":0,"k":[0,0],"ix":1},"s":{"a":0,"k":[100,100],"ix":3},"r":{"a":0,"k":0,"ix":6},"o":{"a":0,"k":100,"ix":7},"sk":{"a":0,"k":0,"ix":4},"sa":{"a":0,"k":0,"ix":5},"nm":"Transform"}],"nm":"o","np":5,"cix":2,"bm":0,"ix":6,"mn":"ADBE Vector Group","hd":false},{"ty":"gr","it":[{"ind":0,"ty":"sh","ix":1,"ks":{"a":0,"k":{"i":[[0,0],[1.498,0],[0.838,0.99],[0,2.311],[0,0],[0,0],[0,0],[0,0],[0,0],[0,0],[0,0],[0,0],[0,0],[0,0],[0,0],[-7.567,0],[-1.727,0.863]],"o":[[-1.092,0.863],[-1.955,0],[-0.838,-0.99],[0,0],[0,0],[0,0],[0,0],[0,0],[0,0],[0,0],[0,0],[0,0],[0,0],[0,0],[0,7.262],[2.818,0],[0,0]],"v":[[38.771,-10.427],[34.887,-9.132],[30.697,-10.617],[29.44,-15.568],[29.44,-35.068],[38.771,-35.068],[38.771,-42],[29.44,-42],[29.44,-53.54],[20.604,-51.026],[20.604,-42],[14.092,-42],[14.092,-35.068],[20.604,-35.068],[20.604,-13.017],[31.954,-2.124],[38.771,-3.419]],"c":true},"ix":2},"nm":"t","mn":"ADBE Vector Shape - Group","hd":false},{"ty":"fl","c":{"a":0,"k":[1,0.674509803922,0.039215686275,1],"ix":4},"o":{"a":0,"k":100,"ix":5},"r":1,"bm":0,"nm":"Fill 1","mn":"ADBE Vector Graphic - Fill","hd":false},{"ty":"tr","p":{"a":0,"k":[0,0],"ix":2},"a":{"a":0,"k":[0,0],"ix":1},"s":{"a":0,"k":[100,100],"ix":3},"r":{"a":0,"k":0,"ix":6},"o":{"a":0,"k":100,"ix":7},"sk":{"a":0,"k":0,"ix":4},"sa":{"a":0,"k":0,"ix":5},"nm":"Transform"}],"nm":"t","np":3,"cix":2,"bm":0,"ix":7,"mn":"ADBE Vector Group","hd":false},{"ty":"gr","it":[{"ind":0,"ty":"sh","ix":1,"ks":{"a":0,"k":{"i":[[0,0],[2.183,0],[2.691,-2.374],[0,-4.113],[0,0],[0,0],[0,0],[0,0],[0,0],[0,0],[0,0],[0,0],[0,0],[0,0],[0,0],[-4.291,0],[-1.194,-0.686]],"o":[[-1.27,-0.482],[-4.037,0],[-2.692,2.374],[0,0],[0,0],[0,0],[0,0],[0,0],[0,0],[0,0],[0,0],[0,0],[0,0],[0,0],[0,-4.849],[1.523,0],[0,0]],"v":[[89.883,-60.891],[84.703,-61.614],[74.61,-58.053],[70.573,-48.322],[70.573,-42],[63.908,-42],[63.908,-35.068],[70.573,-35.068],[70.573,-3],[79.409,-3],[79.409,-35.068],[88.436,-35.068],[88.436,-42],[79.371,-42],[79.371,-47.294],[85.808,-54.568],[89.883,-53.54]],"c":true},"ix":2},"nm":"f","mn":"ADBE Vector Shape - Group","hd":false},{"ty":"fl","c":{"a":0,"k":[1,0.674509803922,0.039215686275,1],"ix":4},"o":{"a":0,"k":100,"ix":5},"r":1,"bm":0,"nm":"Fill 1","mn":"ADBE Vector Graphic - Fill","hd":false},{"ty":"tr","p":{"a":0,"k":[0,0],"ix":2},"a":{"a":0,"k":[0,0],"ix":1},"s":{"a":0,"k":[100,100],"ix":3},"r":{"a":0,"k":0,"ix":6},"o":{"a":0,"k":100,"ix":7},"sk":{"a":0,"k":0,"ix":4},"sa":{"a":0,"k":0,"ix":5},"nm":"Transform"}],"nm":"f","np":3,"cix":2,"bm":0,"ix":8,"mn":"ADBE Vector Group","hd":false},{"ty":"gr","it":[{"ind":0,"ty":"sh","ix":1,"ks":{"a":0,"k":{"i":[[-3.669,3.746],[0,6.221],[3.402,3.58],[6.094,0],[3.745,-3.681],[0,-6.551],[-3.593,-3.643],[-6.018,0]],"o":[[3.669,-3.745],[0,-6.347],[-3.403,-3.58],[-6.348,0],[-3.746,3.682],[0,6.018],[3.593,3.644],[6.195,0]],"v":[[126.807,-7.704],[132.311,-22.652],[127.207,-37.544],[112.963,-42.914],[97.824,-37.392],[92.206,-22.043],[97.595,-7.551],[112.011,-2.086]],"c":true},"ix":2},"nm":"o","mn":"ADBE Vector Shape - Group","hd":false},{"ind":1,"ty":"sh","ix":2,"ks":{"a":0,"k":{"i":[[-1.866,-2.336],[0,-4.291],[1.866,-2.31],[3.478,0],[2.031,2.349],[0,4.088],[-2.006,2.413],[-3.453,0]],"o":[[1.866,2.336],[0,4.266],[-1.866,2.311],[-3.403,0],[-2.032,-2.348],[0,-4.24],[2.005,-2.412],[3.478,0]],"v":[[120.447,-32.364],[123.246,-22.424],[120.447,-12.56],[112.43,-9.094],[104.279,-12.617],[101.232,-22.271],[104.241,-32.25],[112.43,-35.868]],"c":true},"ix":2},"nm":"o","mn":"ADBE Vector Shape - Group","hd":false},{"ty":"mm","mm":1,"nm":"Merge Paths 1","mn":"ADBE Vector Filter - Merge","hd":false},{"ty":"fl","c":{"a":0,"k":[1,0.674509803922,0.039215686275,1],"ix":4},"o":{"a":0,"k":100,"ix":5},"r":1,"bm":0,"nm":"Fill 1","mn":"ADBE Vector Graphic - Fill","hd":false},{"ty":"tr","p":{"a":0,"k":[0,0],"ix":2},"a":{"a":0,"k":[0,0],"ix":1},"s":{"a":0,"k":[100,100],"ix":3},"r":{"a":0,"k":0,"ix":6},"o":{"a":0,"k":100,"ix":7},"sk":{"a":0,"k":0,"ix":4},"sa":{"a":0,"k":0,"ix":5},"nm":"Transform"}],"nm":"o","np":5,"cix":2,"bm":0,"ix":9,"mn":"ADBE Vector Group","hd":false},{"ty":"gr","it":[{"ind":0,"ty":"sh","ix":1,"ks":{"a":0,"k":{"i":[[0,0],[0,0],[0,0],[1.688,-1.929],[2.615,0],[0,7.008],[0,0],[0,0],[0,0],[-9.217,0],[-2.565,4.723],[0,0],[0,0],[0,0]],"o":[[0,0],[0,0],[0,3.123],[-1.689,1.93],[-5.408,0],[0,0],[0,0],[0,0],[0,11.071],[5.408,0],[0,0],[0,0],[0,0],[0,0]],"v":[[175.31,-42],[166.474,-42],[166.474,-19.567],[163.941,-11.988],[157.485,-9.094],[149.373,-19.605],[149.373,-42],[140.537,-42],[140.537,-18.691],[154.362,-2.086],[166.321,-9.17],[166.474,-9.17],[166.474,-3],[175.31,-3]],"c":true},"ix":2},"nm":"u","mn":"ADBE Vector Shape - Group","hd":false},{"ty":"fl","c":{"a":0,"k":[1,0.674509803922,0.039215686275,1],"ix":4},"o":{"a":0,"k":100,"ix":5},"r":1,"bm":0,"nm":"Fill 1","mn":"ADBE Vector Graphic - Fill","hd":false},{"ty":"tr","p":{"a":0,"k":[0,0],"ix":2},"a":{"a":0,"k":[0,0],"ix":1},"s":{"a":0,"k":[100,100],"ix":3},"r":{"a":0,"k":0,"ix":6},"o":{"a":0,"k":100,"ix":7},"sk":{"a":0,"k":0,"ix":4},"sa":{"a":0,"k":0,"ix":5},"nm":"Transform"}],"nm":"u","np":3,"cix":2,"bm":0,"ix":10,"mn":"ADBE Vector Group","hd":false},{"ty":"gr","it":[{"ind":0,"ty":"sh","ix":1,"ks":{"a":0,"k":{"i":[[0,0],[2.234,2.755],[4.24,0],[2.92,-4.926],[0,0],[0,0],[0,0],[0,0],[0,0],[0,0],[-1.752,2.019],[-2.692,0],[0,-7.287],[0,0],[0,0]],"o":[[0,-5.205],[-2.235,-2.755],[-5.51,0],[0,0],[0,0],[0,0],[0,0],[0,0],[0,0],[0,-3.072],[1.752,-2.019],[5.154,0],[0,0],[0,0],[0,0]],"v":[[221.546,-26.842],[218.194,-38.782],[208.482,-42.914],[195.838,-35.525],[195.686,-35.525],[195.686,-42],[186.812,-42],[186.812,-3],[195.686,-3],[195.686,-25.242],[198.313,-32.878],[204.979,-35.906],[212.71,-24.976],[212.71,-3],[221.546,-3]],"c":true},"ix":2},"nm":"n","mn":"ADBE Vector Shape - Group","hd":false},{"ty":"fl","c":{"a":0,"k":[1,0.674509803922,0.039215686275,1],"ix":4},"o":{"a":0,"k":100,"ix":5},"r":1,"bm":0,"nm":"Fill 1","mn":"ADBE Vector Graphic - Fill","hd":false},{"ty":"tr","p":{"a":0,"k":[0,0],"ix":2},"a":{"a":0,"k":[0,0],"ix":1},"s":{"a":0,"k":[100,100],"ix":3},"r":{"a":0,"k":0,"ix":6},"o":{"a":0,"k":100,"ix":7},"sk":{"a":0,"k":0,"ix":4},"sa":{"a":0,"k":0,"ix":5},"nm":"Transform"}],"nm":"n","np":3,"cix":2,"bm":0,"ix":11,"mn":"ADBE Vector Group","hd":false},{"ty":"gr","it":[{"ind":0,"ty":"sh","ix":1,"ks":{"a":0,"k":{"i":[[0,0],[0,0],[0,0],[0,0],[5.256,0],[3.186,-3.885],[0,-6.449],[-2.882,-3.491],[-4.799,0],[-2.844,5.027],[0,0],[0,0],[0,0]],"o":[[0,0],[0,0],[0,0],[-2.387,-4.214],[-5.307,0],[-3.187,3.885],[0,6.018],[2.881,3.491],[5.916,0],[0,0],[0,0],[0,0],[0,0]],"v":[[267.782,-60.738],[258.946,-60.738],[258.946,-36.592],[258.794,-36.592],[247.33,-42.914],[234.59,-37.087],[229.811,-21.586],[234.133,-7.323],[245.654,-2.086],[258.794,-9.627],[258.946,-9.627],[258.946,-3],[267.782,-3]],"c":true},"ix":2},"nm":"d","mn":"ADBE Vector Shape - Group","hd":false},{"ind":1,"ty":"sh","ix":2,"ks":{"a":0,"k":{"i":[[1.879,-2.221],[3.021,0],[1.815,2.298],[0,3.961],[-1.892,2.463],[-3.301,0],[-1.803,-1.929],[0,-2.767],[0,0]],"o":[[-1.879,2.222],[-3.072,0],[-1.816,-2.298],[0,-4.367],[1.891,-2.462],[2.793,0],[1.803,1.93],[0,0],[0,3.377]],"v":[[256.242,-12.426],[248.892,-9.094],[241.56,-12.541],[238.837,-21.929],[241.674,-32.174],[249.463,-35.868],[256.356,-32.974],[259.061,-25.928],[259.061,-20.824]],"c":true},"ix":2},"nm":"d","mn":"ADBE Vector Shape - Group","hd":false},{"ty":"mm","mm":1,"nm":"Merge Paths 1","mn":"ADBE Vector Filter - Merge","hd":false},{"ty":"fl","c":{"a":0,"k":[1,0.674509803922,0.039215686275,1],"ix":4},"o":{"a":0,"k":100,"ix":5},"r":1,"bm":0,"nm":"Fill 1","mn":"ADBE Vector Graphic - Fill","hd":false},{"ty":"tr","p":{"a":0,"k":[0,0],"ix":2},"a":{"a":0,"k":[0,0],"ix":1},"s":{"a":0,"k":[100,100],"ix":3},"r":{"a":0,"k":0,"ix":6},"o":{"a":0,"k":100,"ix":7},"sk":{"a":0,"k":0,"ix":4},"sa":{"a":0,"k":0,"ix":5},"nm":"Transform"}],"nm":"d","np":5,"cix":2,"bm":0,"ix":12,"mn":"ADBE Vector Group","hd":false}],"ip":0,"op":120,"st":0,"bm":0},{"ddd":0,"ind":2,"ty":4,"nm":"Shape Layer 4","sr":1,"ks":{"o":{"a":0,"k":100,"ix":11},"r":{"a":1,"k":[{"i":{"x":[0],"y":[1]},"o":{"x":[0.47],"y":[0]},"t":0,"s":[0]},{"i":{"x":[0.667],"y":[1]},"o":{"x":[0.333],"y":[0]},"t":20,"s":[-30.915]},{"i":{"x":[0.667],"y":[1]},"o":{"x":[0.333],"y":[0]},"t":75,"s":[-30.915]},{"i":{"x":[0.667],"y":[1]},"o":{"x":[0.333],"y":[0]},"t":79,"s":[8]},{"i":{"x":[0.667],"y":[1]},"o":{"x":[0.333],"y":[0]},"t":85,"s":[-6.256]},{"i":{"x":[0.667],"y":[1]},"o":{"x":[0.333],"y":[0]},"t":91,"s":[2.696]},{"i":{"x":[0.667],"y":[1]},"o":{"x":[0.333],"y":[0]},"t":96,"s":[-1.78]},{"i":{"x":[0.667],"y":[1]},"o":{"x":[0.333],"y":[0]},"t":101,"s":[1]},{"t":105,"s":[0]}],"ix":10},"p":{"a":1,"k":[{"i":{"x":0.667,"y":1},"o":{"x":0.333,"y":0},"t":75,"s":[138.5,516.5,0],"to":[0,-11.333,0],"ti":[0,0.27,0]},{"i":{"x":0.667,"y":1},"o":{"x":0.333,"y":0},"t":79,"s":[138.5,448.5,0],"to":[0,-0.27,0],"ti":[0,-7.924,0]},{"i":{"x":0.667,"y":1},"o":{"x":0.333,"y":0},"t":85,"s":[138.5,514.88,0],"to":[0,4.285,0],"ti":[0,-0.124,0]},{"i":{"x":0.667,"y":0.646},"o":{"x":0.333,"y":0},"t":91,"s":[138.5,496.046,0],"to":[0,0.27,0],"ti":[0,6.313,0]},{"i":{"x":0.27,"y":1},"o":{"x":0.273,"y":1},"t":96,"s":[138.5,519.916,0],"to":[0,-5.361,0],"ti":[0,0,0]},{"i":{"x":0.27,"y":1},"o":{"x":0.167,"y":0},"t":101,"s":[138.5,512.5,0],"to":[0,0,0],"ti":[0,0,0]},{"t":105,"s":[138.5,516.5,0]}],"ix":2,"l":2},"a":{"a":0,"k":[-270,124,0],"ix":1,"l":2},"s":{"a":0,"k":[100,100,100],"ix":6,"l":2}},"ao":0,"shapes":[{"ty":"gr","it":[{"ind":0,"ty":"sh","ix":1,"ks":{"a":0,"k":{"i":[[0,0]],"o":[[0,0]],"v":[[266,-10]],"c":false},"ix":2},"nm":"Path 1","mn":"ADBE Vector Shape - Group","hd":false},{"ty":"fl","c":{"a":0,"k":[0.937254961799,0.941176530427,0.956862804936,1],"ix":4},"o":{"a":0,"k":100,"ix":5},"r":1,"bm":0,"nm":"Fill 1","mn":"ADBE Vector Graphic - Fill","hd":false},{"ty":"tr","p":{"a":0,"k":[0,0],"ix":2},"a":{"a":0,"k":[0,0],"ix":1},"s":{"a":0,"k":[100,100],"ix":3},"r":{"a":0,"k":0,"ix":6},"o":{"a":0,"k":100,"ix":7},"sk":{"a":0,"k":0,"ix":4},"sa":{"a":0,"k":0,"ix":5},"nm":"Transform"}],"nm":"Shape 1","np":3,"cix":2,"bm":0,"ix":1,"mn":"ADBE Vector Group","hd":false},{"ty":"gr","it":[{"ind":0,"ty":"sh","ix":1,"ks":{"a":0,"k":{"i":[[0,0],[0,0],[74.509,-1.469],[0,0],[0,0],[-45.992,0.628]],"o":[[0,0],[0,0],[-74.509,1.469],[0,0],[0,0],[45.992,-0.628]],"v":[[72.997,-317.829],[95.264,-250.422],[1.509,-236.969],[-95.561,-249.52],[-73.293,-316.932],[0.508,-304.372]],"c":true},"ix":2},"nm":"Path 1","mn":"ADBE Vector Shape - Group","hd":false},{"ind":1,"ty":"sh","ix":2,"ks":{"a":0,"k":{"i":[[0,0],[0,0],[119.5,0.018],[0,0],[0,0],[-95.499,1.409]],"o":[[0,0],[0,0],[-118.504,-0.018],[0,0],[0,0],[95.499,-1.409]],"v":[[124.203,-162.817],[146.941,-93.981],[1,-73.518],[-146.917,-94.055],[-124.351,-162.368],[1.001,-142.091]],"c":true},"ix":2},"nm":"Path 2","mn":"ADBE Vector Shape - Group","hd":false},{"ty":"fl","c":{"a":0,"k":[0.937254965305,0.941176533699,0.956862807274,1],"ix":4},"o":{"a":0,"k":100,"ix":5},"r":1,"bm":0,"nm":"Fill 1","mn":"ADBE Vector Graphic - Fill","hd":false},{"ty":"tr","p":{"a":0,"k":[-36,121.5],"ix":2},"a":{"a":0,"k":[0,0],"ix":1},"s":{"a":0,"k":[100,100],"ix":3},"r":{"a":0,"k":0,"ix":6},"o":{"a":0,"k":100,"ix":7},"sk":{"a":0,"k":0,"ix":4},"sa":{"a":0,"k":0,"ix":5},"nm":"Transform"}],"nm":"Rectangle 3","np":3,"cix":2,"bm":0,"ix":2,"mn":"ADBE Vector Group","hd":false},{"ty":"gr","it":[{"ind":0,"ty":"sh","ix":1,"ks":{"a":0,"k":{"i":[[0,-8.837],[0,0],[112.152,3.157],[0,0],[0,8.837],[0,0],[-8.837,0],[0,0]],"o":[[0,0],[0,8.837],[0,0],[-84.765,0.204],[0,0],[0,-8.837],[0,0],[8.837,0]],"v":[[48,-393.5],[176.5,-4.5],[-4.327,14.609],[-5.51,14.699],[-176.5,-4.5],[-48,-393.5],[-32,-409.5],[32,-409.5]],"c":true},"ix":2},"nm":"Path 1","mn":"ADBE Vector Shape - Group","hd":false},{"ty":"fl","c":{"a":0,"k":[1,0.674509823322,0.039215687662,1],"ix":4},"o":{"a":0,"k":100,"ix":5},"r":1,"bm":0,"nm":"Fill 1","mn":"ADBE Vector Graphic - Fill","hd":false},{"ty":"tr","p":{"a":0,"k":[-36,121.5],"ix":2},"a":{"a":0,"k":[0,0],"ix":1},"s":{"a":0,"k":[100,100],"ix":3},"r":{"a":0,"k":0,"ix":6},"o":{"a":0,"k":100,"ix":7},"sk":{"a":0,"k":0,"ix":4},"sa":{"a":0,"k":0,"ix":5},"nm":"Transform"}],"nm":"Rectangle 1","np":2,"cix":2,"bm":0,"ix":3,"mn":"ADBE Vector Group","hd":false},{"ty":"gr","it":[{"ind":0,"ty":"sh","ix":1,"ks":{"a":0,"k":{"i":[[-131.444,0],[0,-24.439],[131.444,0],[0,24.439]],"o":[[131.444,0],[0,24.439],[-131.444,0],[0,-24.439]],"v":[[-3.5,-38.5],[234.5,5.75],[-3.5,50],[-241.5,5.75]],"c":true},"ix":2},"nm":"Path 1","mn":"ADBE Vector Shape - Group","hd":false},{"ty":"fl","c":{"a":0,"k":[0.968627512455,0.572549045086,0.105882361531,1],"ix":4},"o":{"a":0,"k":100,"ix":5},"r":1,"bm":0,"nm":"Fill 1","mn":"ADBE Vector Graphic - Fill","hd":false},{"ty":"tr","p":{"a":0,"k":[-36,121.5],"ix":2},"a":{"a":0,"k":[0,0],"ix":1},"s":{"a":0,"k":[100,100],"ix":3},"r":{"a":0,"k":0,"ix":6},"o":{"a":0,"k":100,"ix":7},"sk":{"a":0,"k":0,"ix":4},"sa":{"a":0,"k":0,"ix":5},"nm":"Transform"}],"nm":"Rectangle 2","np":3,"cix":2,"bm":0,"ix":4,"mn":"ADBE Vector Group","hd":false}],"ip":0,"op":121,"st":0,"bm":0},{"ddd":0,"ind":3,"ty":4,"nm":"Shape Layer 5","td":1,"sr":1,"ks":{"o":{"a":0,"k":100,"ix":11},"r":{"a":0,"k":0,"ix":10},"p":{"a":0,"k":[366.5,329.5,0],"ix":2,"l":2},"a":{"a":0,"k":[0,0,0],"ix":1,"l":2},"s":{"a":0,"k":[100,100,100],"ix":6,"l":2}},"ao":0,"shapes":[{"ty":"gr","it":[{"ind":0,"ty":"sh","ix":1,"ks":{"a":0,"k":{"i":[[0,0],[0,-4.903],[125.312,0],[0,22.091],[0,0]],"o":[[0,0],[0,22.091],[-125.311,0],[0,-4.574],[0,0]],"v":[[213.405,285.559],[226.897,0],[0,40],[-226.897,0],[-214.087,290.437]],"c":true},"ix":2},"nm":"Path 1","mn":"ADBE Vector Shape - Group","hd":false},{"ty":"gf","o":{"a":0,"k":100,"ix":10},"r":1,"bm":0,"g":{"p":3,"k":{"a":0,"k":[0,0.584,0.584,0.584,0.5,0.292,0.292,0.292,1,0,0,0],"ix":9}},"s":{"a":0,"k":[0,-39.5],"ix":5},"e":{"a":0,"k":[0,57],"ix":6},"t":1,"nm":"Gradient Fill 1","mn":"ADBE Vector Graphic - G-Fill","hd":false},{"ty":"tr","p":{"a":0,"k":[0,196.5],"ix":2},"a":{"a":0,"k":[0,0],"ix":1},"s":{"a":0,"k":[100,100],"ix":3},"r":{"a":0,"k":0,"ix":6},"o":{"a":0,"k":100,"ix":7},"sk":{"a":0,"k":0,"ix":4},"sa":{"a":0,"k":0,"ix":5},"nm":"Transform"}],"nm":"Ellipse 1","np":2,"cix":2,"bm":0,"ix":1,"mn":"ADBE Vector Group","hd":false}],"ip":0,"op":121,"st":0,"bm":0},{"ddd":0,"ind":4,"ty":4,"nm":"Shape Layer 3","tt":2,"sr":1,"ks":{"o":{"a":0,"k":100,"ix":11},"r":{"a":0,"k":0,"ix":10},"p":{"a":1,"k":[{"i":{"x":0,"y":1},"o":{"x":0.47,"y":0},"t":0,"s":[413,594,0],"to":[0,0,0],"ti":[0,0,0]},{"i":{"x":0,"y":0},"o":{"x":0.333,"y":0.333},"t":20,"s":[413,464,0],"to":[0,0,0],"ti":[0,0,0]},{"i":{"x":0.14,"y":1},"o":{"x":0.333,"y":0},"t":74,"s":[413,464,0],"to":[0,0,0],"ti":[0,21.667,0]},{"t":82,"s":[413,594,0]}],"ix":2,"l":2},"a":{"a":0,"k":[56,141.5,0],"ix":1,"l":2},"s":{"a":0,"k":[100,100,100],"ix":6,"l":2}},"ao":0,"shapes":[{"ty":"gr","it":[{"ty":"gr","it":[{"d":1,"ty":"el","s":{"a":0,"k":[15,15],"ix":2},"p":{"a":0,"k":[92,0],"ix":3},"nm":"Ellipse Path 1","mn":"ADBE Vector Shape - Ellipse","hd":false},{"d":1,"ty":"el","s":{"a":0,"k":[15,15],"ix":2},"p":{"a":0,"k":[0,0],"ix":3},"nm":"Ellipse Path 2","mn":"ADBE Vector Shape - Ellipse","hd":false},{"ty":"fl","c":{"a":0,"k":[0.180392161012,0.180392161012,0.235294133425,1],"ix":4},"o":{"a":0,"k":100,"ix":5},"r":1,"bm":0,"nm":"Fill 1","mn":"ADBE Vector Graphic - Fill","hd":false},{"ty":"tr","p":{"a":0,"k":[-36,146.5],"ix":2},"a":{"a":0,"k":[0,0],"ix":1},"s":{"a":1,"k":[{"i":{"x":[0.667,0.667],"y":[1,1]},"o":{"x":[0.333,0.333],"y":[0,0]},"t":5,"s":[100,52]},{"i":{"x":[0.667,0.667],"y":[1,1]},"o":{"x":[0.167,0.167],"y":[0,0]},"t":11,"s":[100,100]},{"i":{"x":[0.833,0.833],"y":[1,1]},"o":{"x":[0.167,0.167],"y":[0,0]},"t":73,"s":[100,100]},{"t":78,"s":[100,52]}],"ix":3},"r":{"a":0,"k":0,"ix":6},"o":{"a":0,"k":100,"ix":7},"sk":{"a":0,"k":0,"ix":4},"sa":{"a":0,"k":0,"ix":5},"nm":"Transform"}],"nm":"Ellipse 2","np":3,"cix":2,"bm":0,"ix":1,"mn":"ADBE Vector Group","hd":false},{"ty":"gr","it":[{"d":1,"ty":"el","s":{"a":0,"k":[51,51],"ix":2},"p":{"a":0,"k":[92,0],"ix":3},"nm":"Ellipse Path 1","mn":"ADBE Vector Shape - Ellipse","hd":false},{"d":1,"ty":"el","s":{"a":0,"k":[51,51],"ix":2},"p":{"a":0,"k":[0,0],"ix":3},"nm":"Ellipse Path 2","mn":"ADBE Vector Shape - Ellipse","hd":false},{"ty":"fl","c":{"a":0,"k":[0.925490260124,0.937254965305,0.933333396912,1],"ix":4},"o":{"a":0,"k":100,"ix":5},"r":1,"bm":0,"nm":"Fill 1","mn":"ADBE Vector Graphic - Fill","hd":false},{"ty":"tr","p":{"a":0,"k":[-36,141.5],"ix":2},"a":{"a":0,"k":[0,0],"ix":1},"s":{"a":1,"k":[{"i":{"x":[0.667,0.667],"y":[1,1]},"o":{"x":[0.333,0.333],"y":[0,0]},"t":5,"s":[100,21]},{"i":{"x":[0.667,0.667],"y":[1,1]},"o":{"x":[0.167,0.167],"y":[0,0]},"t":11,"s":[100,100]},{"i":{"x":[0.833,0.833],"y":[1,1]},"o":{"x":[0.167,0.167],"y":[0,0]},"t":73,"s":[100,100]},{"t":78,"s":[100,21]}],"ix":3},"r":{"a":0,"k":0,"ix":6},"o":{"a":0,"k":100,"ix":7},"sk":{"a":0,"k":0,"ix":4},"sa":{"a":0,"k":0,"ix":5},"nm":"Transform"}],"nm":"Ellipse 1","np":3,"cix":2,"bm":0,"ix":2,"mn":"ADBE Vector Group","hd":false},{"ty":"tr","p":{"a":1,"k":[{"i":{"x":0.667,"y":1},"o":{"x":0.53,"y":0},"t":29,"s":[0,0],"to":[-1.47,0],"ti":[-1.294,0]},{"i":{"x":0.667,"y":1},"o":{"x":0.333,"y":0},"t":36,"s":[-8.817,0],"to":[1.294,0],"ti":[0.53,0]},{"i":{"x":0.667,"y":1},"o":{"x":0.333,"y":0},"t":45,"s":[7.762,0],"to":[-0.53,0],"ti":[0.373,0]},{"i":{"x":0.667,"y":1},"o":{"x":0.333,"y":0},"t":53,"s":[-12,0],"to":[-0.373,0],"ti":[-2,0]},{"i":{"x":0,"y":1},"o":{"x":0.333,"y":0},"t":61,"s":[5.522,0],"to":[2,0],"ti":[0.92,0]},{"t":69,"s":[0,0]}],"ix":2},"a":{"a":0,"k":[0,-9],"ix":1},"s":{"a":0,"k":[100,100],"ix":3},"r":{"a":0,"k":0,"ix":6},"o":{"a":0,"k":100,"ix":7},"sk":{"a":0,"k":0,"ix":4},"sa":{"a":0,"k":0,"ix":5},"nm":"Transform"}],"nm":"Group 1","np":2,"cix":2,"bm":0,"ix":1,"mn":"ADBE Vector Group","hd":false},{"ty":"gr","it":[{"ty":"rc","d":1,"s":{"a":0,"k":[209,364],"ix":2},"p":{"a":0,"k":[0,0],"ix":3},"r":{"a":0,"k":219,"ix":4},"nm":"Rectangle Path 1","mn":"ADBE Vector Shape - Rect","hd":false},{"ty":"fl","c":{"a":0,"k":[0.164705887437,0.180392161012,0.223529428244,1],"ix":4},"o":{"a":0,"k":100,"ix":5},"r":1,"bm":0,"nm":"Fill 1","mn":"ADBE Vector Graphic - Fill","hd":false},{"ty":"tr","p":{"a":0,"k":[5.5,176],"ix":2},"a":{"a":0,"k":[0,0],"ix":1},"s":{"a":0,"k":[100,100],"ix":3},"r":{"a":0,"k":0,"ix":6},"o":{"a":0,"k":100,"ix":7},"sk":{"a":0,"k":0,"ix":4},"sa":{"a":0,"k":0,"ix":5},"nm":"Transform"}],"nm":"Rectangle 1","np":2,"cix":2,"bm":0,"ix":2,"mn":"ADBE Vector Group","hd":false}],"ip":0,"op":121,"st":0,"bm":0},{"ddd":0,"ind":5,"ty":4,"nm":"Shape Layer 2","sr":1,"ks":{"o":{"a":0,"k":100,"ix":11},"r":{"a":0,"k":0,"ix":10},"p":{"a":0,"k":[366.5,332,0],"ix":2,"l":2},"a":{"a":0,"k":[0,0,0],"ix":1,"l":2},"s":{"a":0,"k":[100,100,100],"ix":6,"l":2}},"ao":0,"shapes":[{"ty":"gr","it":[{"d":1,"ty":"el","s":{"a":0,"k":[453.793,80],"ix":2},"p":{"a":0,"k":[0,0],"ix":3},"nm":"Ellipse Path 1","mn":"ADBE Vector Shape - Ellipse","hd":false},{"ty":"st","c":{"a":0,"k":[0.498039215803,0.494133025408,0.494133025408,1],"ix":3},"o":{"a":0,"k":100,"ix":4},"w":{"a":0,"k":5,"ix":5},"lc":1,"lj":1,"ml":4,"bm":0,"nm":"Stroke 1","mn":"ADBE Vector Graphic - Stroke","hd":false},{"ty":"tr","p":{"a":0,"k":[0,196.5],"ix":2},"a":{"a":0,"k":[0,0],"ix":1},"s":{"a":0,"k":[100,100],"ix":3},"r":{"a":0,"k":0,"ix":6},"o":{"a":0,"k":100,"ix":7},"sk":{"a":0,"k":0,"ix":4},"sa":{"a":0,"k":0,"ix":5},"nm":"Transform"}],"nm":"Ellipse 1","np":2,"cix":2,"bm":0,"ix":1,"mn":"ADBE Vector Group","hd":false}],"ip":0,"op":121,"st":0,"bm":0},{"ddd":0,"ind":6,"ty":4,"nm":"Shape Layer 1","sr":1,"ks":{"o":{"a":0,"k":100,"ix":11},"r":{"a":0,"k":0,"ix":10},"p":{"a":0,"k":[366.5,332,0],"ix":2,"l":2},"a":{"a":0,"k":[0,0,0],"ix":1,"l":2},"s":{"a":0,"k":[100,100,100],"ix":6,"l":2}},"ao":0,"shapes":[{"ty":"gr","it":[{"d":1,"ty":"el","s":{"a":0,"k":[453.793,80],"ix":2},"p":{"a":0,"k":[0,0],"ix":3},"nm":"Ellipse Path 2","mn":"ADBE Vector Shape - Ellipse","hd":false},{"ty":"gf","o":{"a":0,"k":100,"ix":10},"r":1,"bm":0,"g":{"p":3,"k":{"a":0,"k":[0,0.584,0.584,0.584,0.5,0.292,0.292,0.292,1,0,0,0],"ix":9}},"s":{"a":0,"k":[0,-39.5],"ix":5},"e":{"a":0,"k":[0,57],"ix":6},"t":1,"nm":"Gradient Fill 1","mn":"ADBE Vector Graphic - G-Fill","hd":false},{"ty":"tr","p":{"a":0,"k":[0,196.5],"ix":2},"a":{"a":0,"k":[0,0],"ix":1},"s":{"a":0,"k":[100,100],"ix":3},"r":{"a":0,"k":0,"ix":6},"o":{"a":0,"k":100,"ix":7},"sk":{"a":0,"k":0,"ix":4},"sa":{"a":0,"k":0,"ix":5},"nm":"Transform"}],"nm":"Ellipse 1","np":2,"cix":2,"bm":0,"ix":1,"mn":"ADBE Vector Group","hd":false}],"ip":0,"op":121,"st":0,"bm":0}],"markers":[]}